occurrence_id,paragraph_index,table_index,cell_coordinates,raw_citation_text,resolved_number,actual_source_key,context_snippet,detected_entities,expected_source_key,identity_status,identity_comment,semantic_status
OCC-0001,96,,,[1],1,Zhu2019LogParsing,"Trong xử lý và phân tích log tự động, các nghiên cứu đối chuẩn của Zhu et al. (2019)  [1] và Jiang et al. (2024)  [2] chỉ ra rằng các bộ phân tích cú pháp (log parsers) có thể đạt độ chính xác (accuracy), độ b",Zhu et al. (2019),Zhu2019LogParsing,PASS,Context entity matches expected source Zhu2019LogParsing,MANUAL_REVIEW_REQUIRED
OCC-0002,96,,,[2],2,Jiang2024LogParsingEval,"Trong xử lý và phân tích log tự động, các nghiên cứu đối chuẩn của Zhu et al. (2019)  [1] và Jiang et al. (2024)  [2] chỉ ra rằng các bộ phân tích cú pháp (log parsers) có thể đạt độ chính xác (accuracy), độ bền vững (robustness) và hiệu",Jiang et al. (2024),Jiang2024LogParsingEval,PASS,Context entity matches expected source Jiang2024LogParsingEval,MANUAL_REVIEW_REQUIRED
OCC-0003,109,,,[3],3,Inam2023ProvenanceSoK,"ký kiểm toán là nguồn bằng chứng trung tâm phục vụ phát hiện, điều tra và đối phó các cuộc tấn công có chủ đích kéo dài  [3]. Khác với văn bản ngôn ngữ tự nhiên hay tín hiệu hình ảnh, dữ liệu nhật ký có cấu trúc bán cấu trúc, phụ thuộc thứ tự t",,,PASS,Native citation field without named entity anchor,MANUAL_REVIEW_REQUIRED
OCC-0004,109,,,[4],4,Michael2020ForensicValidity,"ánh quan hệ phụ thuộc thực thi giữa các tiến trình và tài nguyên hệ thống, đồng thời mang ngữ nghĩa an ninh chuyên biệt  [4],  [5]. Mục 1.1 hình thức hóa bài toán biểu diễn đặc trưng nhật ký phục vụ phát hiện tấn công đa giai đoạn, phân tích đặ",,,PASS,Native citation field without named entity anchor,MANUAL_REVIEW_REQUIRED
OCC-0005,109,,,[5],5,Liu2025DatasetQualityLogs,"an hệ phụ thuộc thực thi giữa các tiến trình và tài nguyên hệ thống, đồng thời mang ngữ nghĩa an ninh chuyên biệt  [4],  [5]. Mục 1.1 hình thức hóa bài toán biểu diễn đặc trưng nhật ký phục vụ phát hiện tấn công đa giai đoạn, phân tích đặc tính",,,PASS,Native citation field without named entity anchor,MANUAL_REVIEW_REQUIRED
OCC-0006,109,,,[6],6,MITRE2026ATTCK,"đa giai đoạn, phân tích đặc tính không gian dữ liệu doanh nghiệp, xác lập mô hình hành vi dựa trên ma trận MITRE ATT&CK  [6] và thiết lập Hợp đồng Biểu diễn nhằm bảo toàn các ràng buộc an toàn cho không gian vector đặc trưng.",Ma trận MITRE ATT&CK; MITRE ATT&CK,MITRE2026ATTCK,PASS,Context entity matches expected source MITRE2026ATTCK,MANUAL_REVIEW_REQUIRED
OCC-0007,111,,,[3],3,Inam2023ProvenanceSoK,"ong môi trường mạng doanh nghiệp được tổng hợp từ ba nhóm nguồn dữ liệu chính với cấu trúc và định dạng không đồng nhất  [3],  [7]. Nhóm thứ nhất là nhật ký kiểm toán máy chủ và viễn trắc nguồn gốc. Trên các hệ thống Linux, các cơ chế thu thập",,,PASS,Native citation field without named entity anchor,MANUAL_REVIEW_REQUIRED
OCC-0008,111,,,[7],7,Zipperle2022PIDSSurvey,"i trường mạng doanh nghiệp được tổng hợp từ ba nhóm nguồn dữ liệu chính với cấu trúc và định dạng không đồng nhất  [3],  [7]. Nhóm thứ nhất là nhật ký kiểm toán máy chủ và viễn trắc nguồn gốc. Trên các hệ thống Linux, các cơ chế thu thập viễn t",,,PASS,Native citation field without named entity anchor,MANUAL_REVIEW_REQUIRED
OCC-0009,111,,,[3],3,Inam2023ProvenanceSoK,"ệp tin open, openat, unlink và kết nối mạng connect, accept, để phục vụ điều tra số và xây dựng đồ thị quan hệ nhân quả  [3],  [4]. Trong khi đó, trên môi trường Windows, Microsoft Sysinternals Sysmon cung cấp viễn trắc an ninh mức hệ điều hành",,,PASS,Native citation field without named entity anchor,MANUAL_REVIEW_REQUIRED
OCC-0010,111,,,[4],4,Michael2020ForensicValidity,"open, openat, unlink và kết nối mạng connect, accept, để phục vụ điều tra số và xây dựng đồ thị quan hệ nhân quả  [3],  [4]. Trong khi đó, trên môi trường Windows, Microsoft Sysinternals Sysmon cung cấp viễn trắc an ninh mức hệ điều hành thông",,,PASS,Native citation field without named entity anchor,MANUAL_REVIEW_REQUIRED
OCC-0011,111,,,[8],8,Russinovich2026Sysmon,"nh mức hệ điều hành thông qua các sự kiện định danh chuẩn hóa theo đặc tả kỹ thuật chính thức của Russinovich & Garnier  [8], tiêu biểu gồm: khởi tạo tiến trình (ProcessCreate - Event ID 1), kết nối mạng (NetworkConnect - Event ID 3), nạp thư v",Russinovich & Garnier; Sysinternals Sysmon; Sysmon,Russinovich2026Sysmon,PASS,Context entity matches expected source Russinovich2026Sysmon,MANUAL_REVIEW_REQUIRED
OCC-0012,111,,,[9],9,Zhu2023Loghub,"n, phát sinh từ máy chủ web Apache, hệ thống tệp phân tán HDFS cùng các dịch vụ tính toán cụm thuộc bộ benchmark LogHub  [9].",LogHub; HDFS,Zhu2023Loghub; Xu2009HDFS,PASS,Context entity matches expected source Zhu2023Loghub,MANUAL_REVIEW_REQUIRED
OCC-0013,117,,,[5],5,Liu2025DatasetQualityLogs,"thể giữa các nguồn thu thập, dữ liệu nhật ký doanh nghiệp còn chịu áp lực lớn về mặt thông lượng và tỷ lệ phân bố nhãn  [5],  [10]. Hệ thống tiếp nhận luồng sự kiện liên tục với tốc độ cao, đòi hỏi cơ chế xử lý dòng trực tiếp như cách tiếp cận",,,PASS,Native citation field without named entity anchor,MANUAL_REVIEW_REQUIRED
OCC-0014,117,,,[10],10,Arp2022DosDonts,"iữa các nguồn thu thập, dữ liệu nhật ký doanh nghiệp còn chịu áp lực lớn về mặt thông lượng và tỷ lệ phân bố nhãn  [5],  [10]. Hệ thống tiếp nhận luồng sự kiện liên tục với tốc độ cao, đòi hỏi cơ chế xử lý dòng trực tiếp như cách tiếp cận phác h",,,PASS,Native citation field without named entity anchor,MANUAL_REVIEW_REQUIRED
OCC-0015,117,,,[11],11,Han2020UNICORN,"uồng sự kiện liên tục với tốc độ cao, đòi hỏi cơ chế xử lý dòng trực tiếp như cách tiếp cận phác họa đồ thị của UNICORN  [11], đồng thời đặt ra yêu cầu kiểm soát tài nguyên bộ nhớ khi theo dõi các đồ thị nguồn gốc kéo dài. Tỷ lệ các dòng nhật ký",UNICORN,Han2020UNICORN,PASS,Context entity matches expected source Han2020UNICORN,MANUAL_REVIEW_REQUIRED
OCC-0016,117,,,[10],10,Arp2022DosDonts,"nền, tạo ra sự mất cân bằng dữ liệu sâu sắc khiến các thuật toán học máy thông thường có xu hướng bỏ qua nhóm thiểu số  [10]. Bên cạnh đó, hiện tượng sụp đổ chiều biểu diễn có nguy cơ xuất hiện khi mô hình học biểu diễn tự giám sát trên luồng d",,,PASS,Native citation field without named entity anchor,MANUAL_REVIEW_REQUIRED
OCC-0017,117,,,[12],12,Bardes2022VICReg,"ất cân bằng không có cơ chế điều hòa phương sai và hiệp phương sai phù hợp để duy trì độ phong phú của các chiều vector  [12],  [13].",,,PASS,Native citation field without named entity anchor,MANUAL_REVIEW_REQUIRED
OCC-0018,117,,,[13],13,Zbontar2021BarlowTwins,"bằng không có cơ chế điều hòa phương sai và hiệp phương sai phù hợp để duy trì độ phong phú của các chiều vector  [12],  [13].",,,PASS,Native citation field without named entity anchor,MANUAL_REVIEW_REQUIRED
OCC-0019,118,,,[10],10,Arp2022DosDonts,"quá trình vận hành dài hạn. Dựa trên bản chất không dừng của luồng dữ liệu và phương pháp luận đánh giá theo thời gian  [10], bốn dạng trôi dạt dữ liệu được phân định như sau:",,,PASS,Native citation field without named entity anchor,MANUAL_REVIEW_REQUIRED
OCC-0020,125,,,[6],6,MITRE2026ATTCK,"Tuy nhiên, trên thực tế vận hành và theo khung phân loại chuẩn hóa của ma trận tri thức an ninh MITRE ATT&CK  [6], các chiến dịch tấn công có chủ đích (APT) mang bản chất phi tuyến tính sâu sắc  [3]. Cần lưu ý rằng MITRE khuyến nghị",MITRE ATT&CK,MITRE2026ATTCK,PASS,Context entity matches expected source MITRE2026ATTCK,MANUAL_REVIEW_REQUIRED
OCC-0021,125,,,[3],3,Inam2023ProvenanceSoK,"trận tri thức an ninh MITRE ATT&CK  [6], các chiến dịch tấn công có chủ đích (APT) mang bản chất phi tuyến tính sâu sắc  [3]. Cần lưu ý rằng MITRE khuyến nghị ATT&CK không phải là một danh mục kiểm tra đầy đủ khép kín; từ ontology ATT&CK và các",,,PASS,Native citation field without named entity anchor,MANUAL_REVIEW_REQUIRED
OCC-0022,125,,,[3],3,Inam2023ProvenanceSoK,"CK không phải là một danh mục kiểm tra đầy đủ khép kín; từ ontology ATT&CK và các quan sát về đồ thị nguồn gốc hệ thống  [3], nghiên cứu tổng hợp ba cấu trúc phân tích đặc thù sau ; đây là cấu trúc phân loại do đề tài tự tổng hợp, không phải bả",,,PASS,Native citation field without named entity anchor,MANUAL_REVIEW_REQUIRED
OCC-0023,129,,,[6],6,MITRE2026ATTCK,"Đa chiều MITRE ATT&CK và các đặc trưng phi tuyến tính trong tấn công APT , nguồn tác giả tổng hợp dựa trên MITRE ATT&CK  [6] và Inam et al.  [3]",MITRE ATT&CK,MITRE2026ATTCK,PASS,Context entity matches expected source MITRE2026ATTCK,MANUAL_REVIEW_REQUIRED
OCC-0024,129,,,[3],3,Inam2023ProvenanceSoK,"K và các đặc trưng phi tuyến tính trong tấn công APT , nguồn tác giả tổng hợp dựa trên MITRE ATT&CK  [6] và Inam et al.  [3]",Inam et al.; Inam et al,Inam2023ProvenanceSoK,PASS,Context entity matches expected source Inam2023ProvenanceSoK,MANUAL_REVIEW_REQUIRED
OCC-0025,130,,,[6],6,MITRE2026ATTCK,kiện hoặc cây tiến trình có thể đồng thời kích hoạt nhiều nhãn chiến thuật và kỹ thuật tại cùng một thời điểm quan sát  [6].,,,PASS,Native citation field without named entity anchor,MANUAL_REVIEW_REQUIRED
OCC-0026,131,,,[5],5,Liu2025DatasetQualityLogs,"mô hình hóa hành vi tấn công đòi hỏi phải phân định chuẩn xác đặc tính gán nhãn và mức độ hạt của từng bộ dữ liệu chuẩn  [5]: Một là, bộ dữ liệu DARPA Transparent Computing Engagement #3 (TC E3, diễn ra tháng 4/2018)  [14] và Engagement #5 (TC",,,PASS,Native citation field without named entity anchor,MANUAL_REVIEW_REQUIRED
OCC-0027,131,,,[14],14,DARPA2018TCE3,"từng bộ dữ liệu chuẩn  [5]: Một là, bộ dữ liệu DARPA Transparent Computing Engagement #3 (TC E3, diễn ra tháng 4/2018)  [14] và Engagement #5 (TC E5)  [15] cung cấp dữ liệu kiểm toán hệ thống mức hạt nhân chi tiết, trong đó các kịch bản tấn côn",,,PASS,Native citation field without named entity anchor,MANUAL_REVIEW_REQUIRED
OCC-0028,131,,,[15],15,DARPA2020TCE5,"t là, bộ dữ liệu DARPA Transparent Computing Engagement #3 (TC E3, diễn ra tháng 4/2018)  [14] và Engagement #5 (TC E5)  [15] cung cấp dữ liệu kiểm toán hệ thống mức hạt nhân chi tiết, trong đó các kịch bản tấn công của đội Red Team được ghi nhậ",,,PASS,Native citation field without named entity anchor,MANUAL_REVIEW_REQUIRED
OCC-0029,131,,,[16],16,Kent2015LANL,"toàn bộ dữ liệu viễn trắc nền đều có nhãn sẵn ở mức hạt nhân; Hai là, bộ dữ liệu LANL Unified Host and Network Dataset  [16] phản ánh môi trường mạng doanh nghiệp quy mô lớn với hàng tỷ sự kiện xác thực và luồng mạng, trong đó nhãn mặt đất thực",LANL Unified Host and Network Dataset; LANL,Kent2015LANL,PASS,Context entity matches expected source Kent2015LANL,MANUAL_REVIEW_REQUIRED
OCC-0030,131,,,[17],17,Xu2009HDFS,"xâm nhập cụ thể của đội Red Team theo mốc thời gian và tài khoản/máy chủ xác định; Ba là, bộ dữ liệu HDFS của Xu et al.  [17] và LogHub  [9] được gán nhãn bất thường theo vết thực thi ở mức khối dữ liệu  [17], phản ánh trạng thái bình thường hoặ",HDFS của Xu et al.; HDFS,Xu2009HDFS,PASS,Context entity matches expected source Xu2009HDFS,MANUAL_REVIEW_REQUIRED
OCC-0031,131,,,[9],9,Zhu2023Loghub,"của đội Red Team theo mốc thời gian và tài khoản/máy chủ xác định; Ba là, bộ dữ liệu HDFS của Xu et al.  [17] và LogHub  [9] được gán nhãn bất thường theo vết thực thi ở mức khối dữ liệu  [17], phản ánh trạng thái bình thường hoặc bất thường củ",LogHub,Zhu2023Loghub,PASS,Context entity matches expected source Zhu2023Loghub,MANUAL_REVIEW_REQUIRED
OCC-0032,131,,,[17],17,Xu2009HDFS,"Ba là, bộ dữ liệu HDFS của Xu et al.  [17] và LogHub  [9] được gán nhãn bất thường theo vết thực thi ở mức khối dữ liệu  [17], phản ánh trạng thái bình thường hoặc bất thường của một phiên giao tác phân tán hoàn chỉnh; Bốn là, bộ dữ liệu BGL thu",,,PASS,Native citation field without named entity anchor,MANUAL_REVIEW_REQUIRED
OCC-0033,131,,,[9],9,Zhu2023Loghub,"ng thái bình thường hoặc bất thường của một phiên giao tác phân tán hoàn chỉnh; Bốn là, bộ dữ liệu BGL thuộc kho LogHub  [9] đại diện cho nhật ký siêu máy tính với nhãn bất thường được xác lập ở mức dòng log đơn lẻ  [9].",kho LogHub; LogHub; BGL,Zhu2023Loghub,PASS,Context entity matches expected source Zhu2023Loghub,MANUAL_REVIEW_REQUIRED
OCC-0034,131,,,[9],9,Zhu2023Loghub,iệu BGL thuộc kho LogHub  [9] đại diện cho nhật ký siêu máy tính với nhãn bất thường được xác lập ở mức dòng log đơn lẻ  [9].,,,PASS,Native citation field without named entity anchor,MANUAL_REVIEW_REQUIRED
OCC-0035,139,,,[10],10,Arp2022DosDonts,"tin giả tạo và biến số ngoài miền bắt buộc phải bị loại bỏ khỏi không gian vector z nhằm ngăn ngừa rủi ro học đường tắt  [10]. Bao gồm các mẫu định dạng đặc thù của môi trường thử nghiệm lab, các biến số gây rò rỉ phân vùng và dấu thời gian tuyệ",,,PASS,Native citation field without named entity anchor,MANUAL_REVIEW_REQUIRED
OCC-0036,139,,,[10],10,Arp2022DosDonts,"ng đặc thù của môi trường thử nghiệm lab, các biến số gây rò rỉ phân vùng và dấu thời gian tuyệt đối của máy thử nghiệm  [10], cùng các tương quan ngẫu nhiên có thể khiến mô hình đạt điểm số ảo trên tập kiểm thử nhưng suy giảm năng lực khi vận h",,,PASS,Native citation field without named entity anchor,MANUAL_REVIEW_REQUIRED
OCC-0037,143,,,[18],18,Shokri2017MembershipInference,"ữ liệu; Hai là,đề xuất quy trình đánh giá rủi ro trước tấn công suy luận thành viên (Membership Inference Attack – MIA)  [18], được định vị là phép kiểm tra hạ nguồn nhằm đánh giá khả năng đối nghịch xác định một bản ghi nhật ký cụ thể có thuộc",MIA,Shokri2017MembershipInference,PASS,Context entity matches expected source Shokri2017MembershipInference,MANUAL_REVIEW_REQUIRED
OCC-0038,143,,,[19],19,Fredrikson2015ModelInversion,"p huấn luyện hay không; Ba là,đề xuất quy trình đánh giá rủi ro trước tấn công đảo ngược mô hình Model Inversion Attack  [19], cũng được định vị là phép kiểm tra hạ nguồn nhằm đánh giá nguy cơ khôi phục thông tin cấu hình từ vector biểu diễn tiề",Model Inversion,Fredrikson2015ModelInversion,PASS,Context entity matches expected source Fredrikson2015ModelInversion,MANUAL_REVIEW_REQUIRED
OCC-0039,143,,,[20],20,NIST2025SP800226,hung bảo đảm toán học về quyền riêng tư vi sai (Differential Privacy – DP) theo hướng dẫn chuẩn mực của NIST SP 800-226  [20]. Cần khẳng định rằng vector biểu diễn tiềm ẩn không tự động an toàn về quyền riêng tư nếu không có cơ chế chứng minh to,NIST SP 800-226,NIST2025SP800226,PASS,Context entity matches expected source NIST2025SP800226,MANUAL_REVIEW_REQUIRED
OCC-0040,143,,,[18],18,Shokri2017MembershipInference,"n được định vị là phép kiểm tra hạ nguồn độc lập và chưa được thực thi trong phạm vi thực nghiệm hiện tại của chuyên đề  [18],  [19], kết hợp khung lý thuyết DP định hướng lượng hóa độ mất mát quyền riêng tư  [20]. Tương tự, nguyên tắc EXCLUDE t",Model Inversion; MIA,Fredrikson2015ModelInversion; Shokri2017MembershipInference,PASS,Context entity matches expected source Shokri2017MembershipInference,MANUAL_REVIEW_REQUIRED
OCC-0041,143,,,[19],19,Fredrikson2015ModelInversion,"định vị là phép kiểm tra hạ nguồn độc lập và chưa được thực thi trong phạm vi thực nghiệm hiện tại của chuyên đề  [18],  [19], kết hợp khung lý thuyết DP định hướng lượng hóa độ mất mát quyền riêng tư  [20]. Tương tự, nguyên tắc EXCLUDE thiết lậ",Model Inversion; MIA,Fredrikson2015ModelInversion; Shokri2017MembershipInference,PASS,Context entity matches expected source Fredrikson2015ModelInversion,MANUAL_REVIEW_REQUIRED
OCC-0042,143,,,[20],20,NIST2025SP800226,"c nghiệm hiện tại của chuyên đề  [18],  [19], kết hợp khung lý thuyết DP định hướng lượng hóa độ mất mát quyền riêng tư  [20]. Tương tự, nguyên tắc EXCLUDE thiết lập các ràng buộc phủ định đối với các giả định đường tắt đã biết và các biến số gâ",,,PASS,Native citation field without named entity anchor,MANUAL_REVIEW_REQUIRED
OCC-0043,143,,,[10],10,Arp2022DosDonts,"tắc EXCLUDE thiết lập các ràng buộc phủ định đối với các giả định đường tắt đã biết và các biến số gây rò rỉ phân vùng  [10], thay vì giả định rằng mọi đường tắt đều có thể nhận biết trước khi thực nghiệm.",,,PASS,Native citation field without named entity anchor,MANUAL_REVIEW_REQUIRED
OCC-0044,148,,,[12],12,Bardes2022VICReg,"tự động hiểu bản chất an ninh hay nhân quả, và chất lượng biểu diễn bắt buộc phải được đánh giá qua các tác vụ hạ nguồn  [12].",,,PASS,Native citation field without named entity anchor,SUPPORTED
OCC-0045,149,,,[21],21,Chen2020SimCLR,ng qua giao thức đóng băng bộ mã hóa và huấn luyện bộ phân loại tuyến tính (Frozen Linear Probing theo chuẩn mực SimCLR  [21]):,SimCLR,Chen2020SimCLR,PASS,Context entity matches expected source Chen2020SimCLR,MANUAL_REVIEW_REQUIRED
OCC-0046,151,,,[10],10,Arp2022DosDonts,"o phép detector học lại biểu diễn, dù phương pháp này không đo lường toàn bộ thông tin phi tuyến có thể tồn tại trong z  [10],  [21].",,,PASS,Native citation field without named entity anchor,MANUAL_REVIEW_REQUIRED
OCC-0047,151,,,[21],21,Chen2020SimCLR,"detector học lại biểu diễn, dù phương pháp này không đo lường toàn bộ thông tin phi tuyến có thể tồn tại trong z  [10],  [21].",,,PASS,Native citation field without named entity anchor,MANUAL_REVIEW_REQUIRED
OCC-0048,153,,,[1],1,Zhu2019LogParsing,"hành khảo cứu, phân loại và phân tích đa chiều ba nhóm phương pháp biểu diễn đặc trưng log chủ đạo trong y văn hiện đại  [1],  [3],  [7]: (1) Nhóm phương pháp thống kê và cú pháp dựa trên mẫu log; (2) Nhóm phương pháp biểu diễn ngữ nghĩa chuỗi",,,PASS,Native citation field without named entity anchor,MANUAL_REVIEW_REQUIRED
OCC-0049,153,,,[3],3,Inam2023ProvenanceSoK,"hảo cứu, phân loại và phân tích đa chiều ba nhóm phương pháp biểu diễn đặc trưng log chủ đạo trong y văn hiện đại  [1],  [3],  [7]: (1) Nhóm phương pháp thống kê và cú pháp dựa trên mẫu log; (2) Nhóm phương pháp biểu diễn ngữ nghĩa chuỗi thời g",,,PASS,Native citation field without named entity anchor,MANUAL_REVIEW_REQUIRED
OCC-0050,153,,,[7],7,Zipperle2022PIDSSurvey,"u, phân loại và phân tích đa chiều ba nhóm phương pháp biểu diễn đặc trưng log chủ đạo trong y văn hiện đại  [1],  [3],  [7]: (1) Nhóm phương pháp thống kê và cú pháp dựa trên mẫu log; (2) Nhóm phương pháp biểu diễn ngữ nghĩa chuỗi thời gian; v",,,PASS,Native citation field without named entity anchor,MANUAL_REVIEW_REQUIRED
OCC-0051,155,,,[1],1,Zhu2019LogParsing,"Nhóm phương pháp thống kê và cú pháp đại diện cho thế hệ tiếp cận đầu tiên trong phân tích nhật ký tự động  [1],  [2]. Cơ chế hoạt động của nhóm này dựa trên quy trình hai giai đoạn tách rời: giai đoạn phân tách dòng log thô thành",,,PASS,Native citation field without named entity anchor,MANUAL_REVIEW_REQUIRED
OCC-0052,155,,,[2],2,Jiang2024LogParsingEval,"Nhóm phương pháp thống kê và cú pháp đại diện cho thế hệ tiếp cận đầu tiên trong phân tích nhật ký tự động  [1],  [2]. Cơ chế hoạt động của nhóm này dựa trên quy trình hai giai đoạn tách rời: giai đoạn phân tách dòng log thô thành các mẫ",,,PASS,Native citation field without named entity anchor,MANUAL_REVIEW_REQUIRED
OCC-0053,156,,,[1],1,Zhu2019LogParsing,"Trong giai đoạn phân tích cú pháp, nhiều thuật toán tiêu biểu đã được phát triển nhằm tối ưu hóa tốc độ xử lý  [1]: thứ nhất là Drain  [1] sử dụng cấu trúc cây phân tích có độ sâu cố định để nhóm các dòng log dựa trên độ dài chuỗi và",,,PASS,Native citation field without named entity anchor,MANUAL_REVIEW_REQUIRED
OCC-0054,156,,,[1],1,Zhu2019LogParsing,"n phân tích cú pháp, nhiều thuật toán tiêu biểu đã được phát triển nhằm tối ưu hóa tốc độ xử lý  [1]: thứ nhất là Drain  [1] sử dụng cấu trúc cây phân tích có độ sâu cố định để nhóm các dòng log dựa trên độ dài chuỗi và các từ khóa tiền tố, tro",,,PASS,Native citation field without named entity anchor,MANUAL_REVIEW_REQUIRED
OCC-0055,156,,,[1],1,Zhu2019LogParsing,ời gian xử lý của Drain tăng gần tuyến tính theo kích thước tập dữ liệu log đối với luồng dữ liệu lớn; thứ hai là Spell  [1] áp dụng thuật toán tìm chuỗi con chung dài nhất (LCS) theo cơ chế dòng để trích xuất động các thành phần tĩnh của thông,,,PASS,Native citation field without named entity anchor,MANUAL_REVIEW_REQUIRED
OCC-0056,156,,,[1],1,Zhu2019LogParsing,"chung dài nhất (LCS) theo cơ chế dòng để trích xuất động các thành phần tĩnh của thông điệp log; thứ ba là LenMa và AEL  [1],  [2] lần lượt khai thác chiều dài các từ tố và tần suất xuất hiện của từ khóa để phân cụm và tách biến số ra khỏi chuỗ",,,PASS,Native citation field without named entity anchor,MANUAL_REVIEW_REQUIRED
OCC-0057,156,,,[2],2,Jiang2024LogParsingEval,"dài nhất (LCS) theo cơ chế dòng để trích xuất động các thành phần tĩnh của thông điệp log; thứ ba là LenMa và AEL  [1],  [2] lần lượt khai thác chiều dài các từ tố và tần suất xuất hiện của từ khóa để phân cụm và tách biến số ra khỏi chuỗi mẫu.",,,PASS,Native citation field without named entity anchor,MANUAL_REVIEW_REQUIRED
OCC-0058,161,,,[17],17,Xu2009HDFS,"hiện bất thường kinh điển được triển khai rộng rãi, tiêu biểu là phân tích thành phần chính PCA (Xu et al., SOSP 2009)  [17] thực hiện tâm hóa dữ liệu và tìm các phương chiếu trực giao có phương sai lớn nhất nhằm phân rã không gian vector  thàn",Xu et al.; Xu et al,Xu2009HDFS,PASS,"Context entity 'Xu et al., SOSP 2009' uniquely disambiguated to Xu2009HDFS",MANUAL_REVIEW_REQUIRED
OCC-0059,163,,,[22],22,Lou2010MiningInvariants,"Thứ hai, Invariant Mining (Lou et al., USENIX ATC 2010)  [22] tự động khai phá các phương trình bất biến tuyến tính phản ánh mối quan hệ bảo toàn logic giữa các bước thực thi:",Lou et al.; Lou et al,Lou2010MiningInvariants,PASS,Context entity matches expected source Lou2010MiningInvariants,MANUAL_REVIEW_REQUIRED
OCC-0060,165,,,[1],1,Zhu2019LogParsing,"Mặc dù sở hữu ưu thế về hiệu quả tính toán trong thực tiễn (Zhu et al. (2019)  [1]; Jiang et al. (2024)  [2]), nhóm phương pháp thống kê và cú pháp bộc lộ hai điểm nghẽn phương pháp luận quan trọng: Một",Zhu et al. (2019),Zhu2019LogParsing,PASS,Context entity matches expected source Zhu2019LogParsing,MANUAL_REVIEW_REQUIRED
OCC-0061,165,,,[2],2,Jiang2024LogParsingEval,"Mặc dù sở hữu ưu thế về hiệu quả tính toán trong thực tiễn (Zhu et al. (2019)  [1]; Jiang et al. (2024)  [2]), nhóm phương pháp thống kê và cú pháp bộc lộ hai điểm nghẽn phương pháp luận quan trọng: Một là, mất mát ngữ nghĩa an",Jiang et al. (2024),Jiang2024LogParsingEval,PASS,Context entity matches expected source Jiang2024LogParsingEval,MANUAL_REVIEW_REQUIRED
OCC-0062,165,,,[1],1,Zhu2019LogParsing,"sai số cú pháp (Parser Error Propagation) khi xử lý các định dạng phức tạp hoặc chưa từng xuất hiện (Zhu et al. (2019)  [1]; Jiang et al. (2024)  [2]), dẫn đến hiện tượng sinh ra các mẫu sự kiện giả lập hoặc gộp nhầm các sự kiện khác biệt, làm",Zhu et al. (2019),Zhu2019LogParsing,PASS,Context entity matches expected source Zhu2019LogParsing,MANUAL_REVIEW_REQUIRED
OCC-0063,165,,,[2],2,Jiang2024LogParsingEval,"or Propagation) khi xử lý các định dạng phức tạp hoặc chưa từng xuất hiện (Zhu et al. (2019)  [1]; Jiang et al. (2024)  [2]), dẫn đến hiện tượng sinh ra các mẫu sự kiện giả lập hoặc gộp nhầm các sự kiện khác biệt, làm xáo trộn cấu trúc không g",Jiang et al. (2024),Jiang2024LogParsingEval,PASS,Context entity matches expected source Jiang2024LogParsingEval,MANUAL_REVIEW_REQUIRED
OCC-0064,167,,,[23],23,Du2017DeepLog,"iên, tích hợp các kỹ thuật nhúng từ và học tự giám sát (Self-Supervised Learning) để nắm bắt phụ thuộc ngữ cảnh dài hạn  [23],  [24],  [25],  [26],  [27].",,,PASS,Native citation field without named entity anchor,MANUAL_REVIEW_REQUIRED
OCC-0065,167,,,[24],24,Guo2021LogBERT,"ch hợp các kỹ thuật nhúng từ và học tự giám sát (Self-Supervised Learning) để nắm bắt phụ thuộc ngữ cảnh dài hạn  [23],  [24],  [25],  [26],  [27].",,,PASS,Native citation field without named entity anchor,MANUAL_REVIEW_REQUIRED
OCC-0066,167,,,[25],25,Le2021NeuralLog,"các kỹ thuật nhúng từ và học tự giám sát (Self-Supervised Learning) để nắm bắt phụ thuộc ngữ cảnh dài hạn  [23],  [24],  [25],  [26],  [27].",,,PASS,Native citation field without named entity anchor,MANUAL_REVIEW_REQUIRED
OCC-0067,167,,,[26],26,Meng2019LogAnomaly,"thuật nhúng từ và học tự giám sát (Self-Supervised Learning) để nắm bắt phụ thuộc ngữ cảnh dài hạn  [23],  [24],  [25],  [26],  [27].",,,PASS,Native citation field without named entity anchor,MANUAL_REVIEW_REQUIRED
OCC-0068,167,,,[27],27,Nedelkoski2020SelfAttentive,"húng từ và học tự giám sát (Self-Supervised Learning) để nắm bắt phụ thuộc ngữ cảnh dài hạn  [23],  [24],  [25],  [26],  [27].",,,PASS,Native citation field without named entity anchor,MANUAL_REVIEW_REQUIRED
OCC-0069,168,,,[23],23,Du2017DeepLog,"Khởi đầu cho hướng nghiên cứu này là mô hình DeepLog  [23]. Nhằm khắc phục hạn chế mất mát thứ tự thời gian của các mô hình túi từ, DeepLog thiết lập cơ chế phát hiện bất thường",DeepLog,Du2017DeepLog,PASS,Context entity matches expected source Du2017DeepLog,MANUAL_REVIEW_REQUIRED
OCC-0070,168,,,[23],23,Du2017DeepLog,): mô hình LSTM học trật tự thực thi bình thường thông qua phân phối có điều kiện  trên cửa sổ trượt k sự kiện trước đó  [23]:,,,PASS,Native citation field without named entity anchor,MANUAL_REVIEW_REQUIRED
OCC-0071,170,,,[23],23,Du2017DeepLog,"xây dựng mô hình LSTM thứ hai kết hợp phân phối chuẩn nhiều chiều để kiểm tra độ lệch bất thường của các tham số số học  [23]; tuy nhiên, việc mô hình hóa dựa trên mạng hồi quy đòi hỏi thông tin trạng thái phải truyền tuần tự qua từng bước tính",DeepLog,Du2017DeepLog,PASS,Context entity matches expected source Du2017DeepLog,MANUAL_REVIEW_REQUIRED
OCC-0072,171,,,[26],26,Meng2019LogAnomaly,"ĩa vượt khỏi hạn chế của vector tần suất, các công trình kế tiếp đã khai thác vector nhúng cho từng mẫu log: LogAnomaly  [26] đề xuất Template2Vec dựa trên Word2Vec và FastText kết hợp trọng số d-IDF để trích xuất đặc trưng ngữ nghĩa từ vựng; tr",LogAnomaly,Meng2019LogAnomaly,PASS,Context entity matches expected source Meng2019LogAnomaly,MANUAL_REVIEW_REQUIRED
OCC-0073,171,,,[27],27,Nedelkoski2020SelfAttentive,"Vec dựa trên Word2Vec và FastText kết hợp trọng số d-IDF để trích xuất đặc trưng ngữ nghĩa từ vựng; trong khi đó, Logsy  [27] áp dụng hàm mất mát phân loại ngoại lai trên dữ liệu log phụ trợ nhằm định hình biên giới phân tách cho lớp hành vi bìn",,,PASS,Native citation field without named entity anchor,MANUAL_REVIEW_REQUIRED
OCC-0074,171,,,[24],24,Guo2021LogBERT,"n tách cho lớp hành vi bình thường; Thứ hai, bước chuyển sang mô hình hóa chuỗi sâu sắc hơn được khởi xướng bởi LogBERT  [24] dựa trên kiến trúc Transformer hai chiều và cơ chế chú ý tự thân (Self-Attention) của Vaswani et al. Trong kiến trúc Tr",LogBERT,Guo2021LogBERT,PASS,Context entity matches expected source Guo2021LogBERT,MANUAL_REVIEW_REQUIRED
OCC-0075,171,,,[28],28,Vaswani2017Transformer,"kiến trúc Transformer hai chiều và cơ chế chú ý tự thân (Self-Attention) của Vaswani et al. Trong kiến trúc Transformer  [28], cơ chế chú ý tích vô hướng tỉ lệ ánh xạ đầu vào thành các bộ vector Query, Key và Value, tính điểm tương tác giữa các",Vaswani et al.; Vaswani et al; Transformer,Vaswani2017Transformer,PASS,Context entity matches expected source Vaswani2017Transformer,MANUAL_REVIEW_REQUIRED
OCC-0076,171,,,[25],25,Le2021NeuralLog,"đoán sự kiện log bị che và dự đoán phân bố khối lượng log; song song đó, hướng tiếp cận không dùng parser như NeuralLog  [25] trực tiếp mã hóa chuỗi văn bản thô thành các vector nhúng liên tục. Cuối cùng, trong các kiến trúc học tự giám sát trên",NeuralLog,Le2021NeuralLog,PASS,Context entity matches expected source Le2021NeuralLog,MANUAL_REVIEW_REQUIRED
OCC-0077,171,,,[12],12,Bardes2022VICReg,"óa sinh ra các vector tầm thường giống nhau cho mọi đầu vào. Để kiểm soát hiện tượng này, kỹ thuật chính quy hóa VICReg  [12] phân rã mục tiêu điều chuẩn hình học thành ba thành phần: Phương sai duy trì độ phân tán theo chiều nhằm tránh co cụm v",VICReg,Bardes2022VICReg,PASS,Context entity matches expected source Bardes2022VICReg,MANUAL_REVIEW_REQUIRED
OCC-0078,171,,,[12],12,Bardes2022VICReg,ảm tỷ lệ cảnh báo sai hoặc bỏ sót trong viễn trắc an ninh là giả thuyết thích ứng của đề tài cần kiểm chứng thực nghiệm  [12].,VICReg,Bardes2022VICReg,PASS,Context entity matches expected source Bardes2022VICReg,SUPPORTED
OCC-0079,172,,,[10],10,Arp2022DosDonts,"trên các tập dữ liệu phần mềm, nhóm phương pháp Semantic–Sequential đối mặt với ba rào cản khi áp dụng vào an ninh mạng  [10],  [5]: Một là, nguy cơ rò rỉ và thiên lệch từ dữ liệu tiền huấn luyện: các mô hình sử dụng Transformer tiền huấn luyện",,,PASS,Native citation field without named entity anchor,MANUAL_REVIEW_REQUIRED
OCC-0080,172,,,[5],5,Liu2025DatasetQualityLogs,"c tập dữ liệu phần mềm, nhóm phương pháp Semantic–Sequential đối mặt với ba rào cản khi áp dụng vào an ninh mạng  [10],  [5]: Một là, nguy cơ rò rỉ và thiên lệch từ dữ liệu tiền huấn luyện: các mô hình sử dụng Transformer tiền huấn luyện trên k",,,PASS,Native citation field without named entity anchor,MANUAL_REVIEW_REQUIRED
OCC-0081,172,,,[10],10,Arp2022DosDonts,"goài miền; khi đánh giá trong điều kiện phân vùng nghiêm ngặt, năng lực phân tách thực tế cần được kiểm chứng cẩn trọng  [10]; Hai là, chi phí tài nguyên tính toán: cơ chế Self-Attention trong Transformer  [28] có độ phức tạp tính toán và bộ nhớ",,,PASS,Native citation field without named entity anchor,MANUAL_REVIEW_REQUIRED
OCC-0082,172,,,[28],28,Vaswani2017Transformer,"c tế cần được kiểm chứng cẩn trọng  [10]; Hai là, chi phí tài nguyên tính toán: cơ chế Self-Attention trong Transformer  [28] có độ phức tạp tính toán và bộ nhớ bậc hai theo độ dài chuỗi hoặc kích thước cửa sổ, đòi hỏi tài nguyên tính toán đáng",Transformer,Vaswani2017Transformer,PASS,Context entity matches expected source Vaswani2017Transformer,MANUAL_REVIEW_REQUIRED
OCC-0083,174,,,[3],3,Inam2023ProvenanceSoK,"ộ lịch sử thực thi và tương tác trong hệ điều hành dưới dạng một đồ thị có hướng, không đồng nhất và gán nhãn thời gian  [3],  [7]:",,,PASS,Native citation field without named entity anchor,MANUAL_REVIEW_REQUIRED
OCC-0084,174,,,[7],7,Zipperle2022PIDSSurvey,"sử thực thi và tương tác trong hệ điều hành dưới dạng một đồ thị có hướng, không đồng nhất và gán nhãn thời gian  [3],  [7]:",,,PASS,Native citation field without named entity anchor,MANUAL_REVIEW_REQUIRED
OCC-0085,176,,,[3],3,Inam2023ProvenanceSoK,các cạnh có hướng mô tả các tương tác luồng phụ thuộc nằm trong tập kiểu ; và τ gán nhãn mốc thời gian xảy ra tương tác  [3].,,,PASS,Native citation field without named entity anchor,MANUAL_REVIEW_REQUIRED
OCC-0086,177,,,[3],3,Inam2023ProvenanceSoK,"Các hệ thống phát hiện xâm nhập dựa trên đồ thị nguồn gốc (PIDS) tiêu biểu bao gồm  [3],  [7]: Thứ nhất, UNICORN  [11] (NDSS 2020) xây dựng đồ thị nguồn gốc luồng thời gian thực, áp dụng thuật toán băm cây c",,,PASS,Native citation field without named entity anchor,MANUAL_REVIEW_REQUIRED
OCC-0087,177,,,[7],7,Zipperle2022PIDSSurvey,"Các hệ thống phát hiện xâm nhập dựa trên đồ thị nguồn gốc (PIDS) tiêu biểu bao gồm  [3],  [7]: Thứ nhất, UNICORN  [11] (NDSS 2020) xây dựng đồ thị nguồn gốc luồng thời gian thực, áp dụng thuật toán băm cây con Wei",,,PASS,Native citation field without named entity anchor,MANUAL_REVIEW_REQUIRED
OCC-0088,177,,,[11],11,Han2020UNICORN,"Các hệ thống phát hiện xâm nhập dựa trên đồ thị nguồn gốc (PIDS) tiêu biểu bao gồm  [3],  [7]: Thứ nhất, UNICORN  [11] (NDSS 2020) xây dựng đồ thị nguồn gốc luồng thời gian thực, áp dụng thuật toán băm cây con Weisfeiler-Lehman để chuyển",UNICORN,Han2020UNICORN,PASS,Context entity matches expected source Han2020UNICORN,MANUAL_REVIEW_REQUIRED
OCC-0089,177,,,[29],29,Cheng2024KAIROS,"uật toán băm cây con Weisfeiler-Lehman để chuyển đổi đồ thị động thành vector đặc trưng đếm histogram; Thứ hai, KAIROS  [29] (IEEE S&P 2024) tích hợp mạng nơ-ron đồ thị nhận biết thời gian mã hóa đồng thời thông tin cấu trúc và sự tiến triển th",KAIROS,Cheng2024KAIROS,PASS,Context entity matches expected source Cheng2024KAIROS,MANUAL_REVIEW_REQUIRED
OCC-0090,177,,,[30],30,Li2024NODLINK,"sự tiến triển thời gian của đồ thị nguồn gốc để chấm điểm bất thường và tái dựng dấu vết tấn công APT; Thứ ba, NODLINK  [30] (NDSS 2024) mô hình hóa bài toán phát hiện thành cây Steiner trực tuyến kết hợp cơ chế bộ nhớ đệm để khôi phục đồ thị c",NODLINK,Li2024NODLINK,PASS,Context entity matches expected source Li2024NODLINK,MANUAL_REVIEW_REQUIRED
OCC-0091,177,,,[31],31,Jia2024MAGIC,"át hiện thành cây Steiner trực tuyến kết hợp cơ chế bộ nhớ đệm để khôi phục đồ thị con tấn công nhỏ gọn; Thứ tư, MAGIC  [31] (USENIX Security 2024) khai thác kiến trúc tự mã hóa đồ thị che kết hợp cơ chế thích ứng mô hình để học biểu diễn đa độ",MAGIC,Jia2024MAGIC,PASS,Context entity matches expected source Jia2024MAGIC,MANUAL_REVIEW_REQUIRED
OCC-0092,177,,,[32],32,Jiang2025ORTHRUS,"a đồ thị che kết hợp cơ chế thích ứng mô hình để học biểu diễn đa độ hạt và chống trôi dạt khái niệm; Thứ năm, ORTHRUS  [32] (USENIX Security 2025) sử dụng mạng nơ-ron đồ thị không-thời gian (spatio-temporal GNN) phục vụ phát hiện xâm nhập ở mứ",ORTHRUS,Jiang2025ORTHRUS,PASS,Context entity matches expected source Jiang2025ORTHRUS,MANUAL_REVIEW_REQUIRED
OCC-0093,177,,,[3],3,Inam2023ProvenanceSoK,"tệp tin và socket, khiến đồ thị phát triển dày đặc và tạo ra nhiều liên kết phụ thuộc xa làm loãng tín hiệu bất thường  [3],  [33]; Hai là, thách thức về tính phức tạp mô hình và giao thức đánh giá thực nghiệm: kết quả đối chuẩn của Bilot et a",,,PASS,Native citation field without named entity anchor,MANUAL_REVIEW_REQUIRED
OCC-0094,177,,,[33],33,Zeng2022PalanTir,"n và socket, khiến đồ thị phát triển dày đặc và tạo ra nhiều liên kết phụ thuộc xa làm loãng tín hiệu bất thường  [3],  [33]; Hai là, thách thức về tính phức tạp mô hình và giao thức đánh giá thực nghiệm: kết quả đối chuẩn của Bilot et al.  [34",,,PASS,Native citation field without named entity anchor,MANUAL_REVIEW_REQUIRED
OCC-0095,177,,,[34],34,Bilot2025SometimesSimpler,"33]; Hai là, thách thức về tính phức tạp mô hình và giao thức đánh giá thực nghiệm: kết quả đối chuẩn của Bilot et al.  [34] (USENIX Security 2025) và Guerra et al.  [35] chỉ ra các hạn chế quan trọng trong thực nghiệm PIDS: Bilot et al.  [34]",Bilot et al.; Bilot et al,Bilot2025SometimesSimpler,PASS,Context entity matches expected source Bilot2025SometimesSimpler,MANUAL_REVIEW_REQUIRED
OCC-0096,177,,,[35],35,Guerra2026PIDSEvalProtocols,nh và giao thức đánh giá thực nghiệm: kết quả đối chuẩn của Bilot et al.  [34] (USENIX Security 2025) và Guerra et al.  [35] chỉ ra các hạn chế quan trọng trong thực nghiệm PIDS: Bilot et al.  [34] chỉ ra rằng các hệ thống PIDS hiện hành thường,Guerra et al.; Guerra et al,Guerra2026PIDSEvalProtocols,PASS,Context entity matches expected source Guerra2026PIDSEvalProtocols,MANUAL_REVIEW_REQUIRED
OCC-0097,177,,,[34],34,Bilot2025SometimesSimpler,"[34] (USENIX Security 2025) và Guerra et al.  [35] chỉ ra các hạn chế quan trọng trong thực nghiệm PIDS: Bilot et al.  [34] chỉ ra rằng các hệ thống PIDS hiện hành thường mang độ phức tạp không cần thiết (unnecessary complexity), trong khi một",Bilot et al.; Bilot et al,Bilot2025SometimesSimpler,PASS,Context entity matches expected source Bilot2025SometimesSimpler,MANUAL_REVIEW_REQUIRED
OCC-0098,177,,,[35],35,Guerra2026PIDSEvalProtocols,"đương hoặc vượt trội (state-of-the-art detection) trên 5/7 tập dữ liệu DARPA; đồng thời, nghiên cứu của Guerra et al.  [35] nhấn mạnh giao thức đánh giá (evaluation protocol) ảnh hưởng sâu sắc đến kết luận thực nghiệm, trong đó một giải pháp d",Guerra et al.; Guerra et al,Guerra2026PIDSEvalProtocols,PASS,Context entity matches expected source Guerra2026PIDSEvalProtocols,MANUAL_REVIEW_REQUIRED
OCC-0099,177,,,[36],36,Oono2020OverSmoothing,"on đồ thị về mặt cấu trúc: khi tăng số lớp truyền tin, hiện tượng làm mịn quá mức (Over-smoothing), được Oono & Suzuki  [36] chứng minh tại ICLR 2020 dưới các điều kiện phổ ma trận kề chuẩn hóa và hàm kích hoạt không âm trên kiến trúc GCN sâu,",Over-smoothing; Oono & Suzuki,Oono2020OverSmoothing,PASS,Context entity matches expected source Oono2020OverSmoothing,MANUAL_REVIEW_REQUIRED
OCC-0100,177,,,[37],37,Alon2021OverSquashing,"ạn và mất dần năng lực phân tách; trong khi đó, hiện tượng nghẽn cổ chai thông tin (Over-squashing), được Alon & Yahav  [37] phân tích tại ICLR 2021, xuất hiện khi kích thước vùng lân cận k-hop tăng nhanh và lượng thông tin từ nhiều nguồn phải",Over-squashing; Alon & Yahav,Alon2021OverSquashing,PASS,Context entity matches expected source Alon2021OverSquashing,MANUAL_REVIEW_REQUIRED
OCC-0101,178,,,[38],38,Nguyen2026APTGraphLearning,"Tại Việt Nam, các nghiên cứu chuyên sâu của ThS. Nguyễn Thị Thu Thủy (Khoa An toàn thông tin, Học viện Kỹ thuật Mật mã)  [38] cũng đã hệ thống hóa phương pháp luận ứng dụng Graph Learning và mạng nơ-ron đồ thị (Graph Neural Network, GNN) trên đồ",Nguyễn Thị Thu Thủy,Nguyen2026APTGraphLearning,PASS,Context entity matches expected source Nguyen2026APTGraphLearning,MANUAL_REVIEW_REQUIRED
OCC-0102,185,,,[3],3,Inam2023ProvenanceSoK,"n khai chúng vào môi trường giám sát an ninh mạng doanh nghiệp thực tế vẫn bộc lộ các mâu thuẫn cơ bản về mặt biểu diễn  [3],  [5],  [1],  [10]. Để xác định phạm vi nghiên cứu và làm rõ cơ chế cần hoàn thiện, chuyên đề tổng hợp năm khoảng trống",,,PASS,Native citation field without named entity anchor,MANUAL_REVIEW_REQUIRED
OCC-0103,185,,,[5],5,Liu2025DatasetQualityLogs,"chúng vào môi trường giám sát an ninh mạng doanh nghiệp thực tế vẫn bộc lộ các mâu thuẫn cơ bản về mặt biểu diễn  [3],  [5],  [1],  [10]. Để xác định phạm vi nghiên cứu và làm rõ cơ chế cần hoàn thiện, chuyên đề tổng hợp năm khoảng trống nghiê",,,PASS,Native citation field without named entity anchor,MANUAL_REVIEW_REQUIRED
OCC-0104,185,,,[1],1,Zhu2019LogParsing,"vào môi trường giám sát an ninh mạng doanh nghiệp thực tế vẫn bộc lộ các mâu thuẫn cơ bản về mặt biểu diễn  [3],  [5],  [1],  [10]. Để xác định phạm vi nghiên cứu và làm rõ cơ chế cần hoàn thiện, chuyên đề tổng hợp năm khoảng trống nghiên cứu",,,PASS,Native citation field without named entity anchor,MANUAL_REVIEW_REQUIRED
OCC-0105,185,,,[10],10,Arp2022DosDonts,"ôi trường giám sát an ninh mạng doanh nghiệp thực tế vẫn bộc lộ các mâu thuẫn cơ bản về mặt biểu diễn  [3],  [5],  [1],  [10]. Để xác định phạm vi nghiên cứu và làm rõ cơ chế cần hoàn thiện, chuyên đề tổng hợp năm khoảng trống nghiên cứu kèm the",,,PASS,Native citation field without named entity anchor,MANUAL_REVIEW_REQUIRED
OCC-0106,187,,,[1],1,Zhu2019LogParsing,"vai trò giảm số chiều từ vựng bùng nổ của nhật ký hệ thống bằng cách gom cụm văn bản thành các khuôn mẫu định dạng tĩnh  [1],  [2]. Tuy nhiên, cơ chế trừu tượng hóa tham số phụ thuộc vào từng thuật toán phân tích cú pháp; nhiều quy trình tiền x",,,PASS,Native citation field without named entity anchor,MANUAL_REVIEW_REQUIRED
OCC-0107,187,,,[2],2,Jiang2024LogParsingEval,"ò giảm số chiều từ vựng bùng nổ của nhật ký hệ thống bằng cách gom cụm văn bản thành các khuôn mẫu định dạng tĩnh  [1],  [2]. Tuy nhiên, cơ chế trừu tượng hóa tham số phụ thuộc vào từng thuật toán phân tích cú pháp; nhiều quy trình tiền xử lý t",,,PASS,Native citation field without named entity anchor,MANUAL_REVIEW_REQUIRED
OCC-0108,188,,,[4],4,Michael2020ForensicValidity,"ợc giải quyết là sự tương đương về mặt cú pháp mẫu nhật ký không đồng nghĩa với sự tương đương về mặt ngữ nghĩa an ninh  [4],  [5]. Một mẫu thông báo xác thực thất bại phát sinh từ tài khoản quản trị viên root trong mạng nội bộ mang ý nghĩa an",,,PASS,Native citation field without named entity anchor,MANUAL_REVIEW_REQUIRED
OCC-0109,188,,,[5],5,Liu2025DatasetQualityLogs,"i quyết là sự tương đương về mặt cú pháp mẫu nhật ký không đồng nghĩa với sự tương đương về mặt ngữ nghĩa an ninh  [4],  [5]. Một mẫu thông báo xác thực thất bại phát sinh từ tài khoản quản trị viên root trong mạng nội bộ mang ý nghĩa an ninh k",,,PASS,Native citation field without named entity anchor,MANUAL_REVIEW_REQUIRED
OCC-0110,192,,,[1],1,Zhu2019LogParsing,"ột hệ thống có thể được quan sát qua nhiều lăng kính dữ liệu dị thể: góc nhìn thống kê tần suất phản ánh mật độ sự kiện  [1], góc nhìn chuỗi sự kiện phản ánh trật tự thời gian cục bộ  [23],  [24], và góc nhìn đồ thị nguồn gốc phản ánh cấu trúc",,,PASS,Native citation field without named entity anchor,MANUAL_REVIEW_REQUIRED
OCC-0111,192,,,[23],23,Du2017DeepLog,"thể: góc nhìn thống kê tần suất phản ánh mật độ sự kiện  [1], góc nhìn chuỗi sự kiện phản ánh trật tự thời gian cục bộ  [23],  [24], và góc nhìn đồ thị nguồn gốc phản ánh cấu trúc phụ thuộc thực thi giữa các thực thể  [3],  [7],  [11]. Việc kết",,,PASS,Native citation field without named entity anchor,MANUAL_REVIEW_REQUIRED
OCC-0112,192,,,[24],24,Guo2021LogBERT,"óc nhìn thống kê tần suất phản ánh mật độ sự kiện  [1], góc nhìn chuỗi sự kiện phản ánh trật tự thời gian cục bộ  [23],  [24], và góc nhìn đồ thị nguồn gốc phản ánh cấu trúc phụ thuộc thực thi giữa các thực thể  [3],  [7],  [11]. Việc kết hợp đồ",,,PASS,Native citation field without named entity anchor,MANUAL_REVIEW_REQUIRED
OCC-0113,192,,,[3],3,Inam2023ProvenanceSoK,"t tự thời gian cục bộ  [23],  [24], và góc nhìn đồ thị nguồn gốc phản ánh cấu trúc phụ thuộc thực thi giữa các thực thể  [3],  [7],  [11]. Việc kết hợp đồng thời các góc nhìn này hướng tới mục tiêu cung cấp đầy đủ ngữ cảnh về toàn bộ chuỗi hành",,,PASS,Native citation field without named entity anchor,MANUAL_REVIEW_REQUIRED
OCC-0114,192,,,[7],7,Zipperle2022PIDSSurvey,"hời gian cục bộ  [23],  [24], và góc nhìn đồ thị nguồn gốc phản ánh cấu trúc phụ thuộc thực thi giữa các thực thể  [3],  [7],  [11]. Việc kết hợp đồng thời các góc nhìn này hướng tới mục tiêu cung cấp đầy đủ ngữ cảnh về toàn bộ chuỗi hành vi tấ",,,PASS,Native citation field without named entity anchor,MANUAL_REVIEW_REQUIRED
OCC-0115,192,,,[11],11,Han2020UNICORN,"an cục bộ  [23],  [24], và góc nhìn đồ thị nguồn gốc phản ánh cấu trúc phụ thuộc thực thi giữa các thực thể  [3],  [7],  [11]. Việc kết hợp đồng thời các góc nhìn này hướng tới mục tiêu cung cấp đầy đủ ngữ cảnh về toàn bộ chuỗi hành vi tấn công.",,,PASS,Native citation field without named entity anchor,MANUAL_REVIEW_REQUIRED
OCC-0116,193,,,[12],12,Bardes2022VICReg,"c vector hằng số tầm thường, vốn đòi hỏi cơ chế điều hòa phương sai và hiệp phương sai để duy trì độ đa dạng không gian  [12],  [13]; bên cạnh đó, việc gióng hàng trong môi trường an ninh mạng còn gặp phải hai trở ngại thực tế: Một là, rủi ro ch",,,PASS,Native citation field without named entity anchor,MANUAL_REVIEW_REQUIRED
OCC-0117,193,,,[13],13,Zbontar2021BarlowTwins,"r hằng số tầm thường, vốn đòi hỏi cơ chế điều hòa phương sai và hiệp phương sai để duy trì độ đa dạng không gian  [12],  [13]; bên cạnh đó, việc gióng hàng trong môi trường an ninh mạng còn gặp phải hai trở ngại thực tế: Một là, rủi ro chuyển gi",,,PASS,Native citation field without named entity anchor,MANUAL_REVIEW_REQUIRED
OCC-0118,197,,,[10],10,Arp2022DosDonts,Công trình tổng kết của Arp et al.  [10] và Liu et al.  [5] đã cảnh báo sâu sắc về tình trạng sai lệch phương pháp luận trong nghiên cứu học máy áp dụng cho an,Arp et al.; Arp et al,Arp2022DosDonts,PASS,Context entity matches expected source Arp2022DosDonts,MANUAL_REVIEW_REQUIRED
OCC-0119,197,,,[5],5,Liu2025DatasetQualityLogs,Công trình tổng kết của Arp et al.  [10] và Liu et al.  [5] đã cảnh báo sâu sắc về tình trạng sai lệch phương pháp luận trong nghiên cứu học máy áp dụng cho an ninh mạng. Trong bà,Liu et al.; Liu et al,Liu2025DatasetQualityLogs,PASS,Context entity matches expected source Liu2025DatasetQualityLogs,MANUAL_REVIEW_REQUIRED
OCC-0120,202,,,[5],5,Liu2025DatasetQualityLogs,"g hạn như gán nhãn một phiên làm việc kéo dài nhiều giờ hoặc toàn bộ một máy chủ bị xâm nhập trong một khoảng thời gian  [5],  [14],  [16]. Bên trong phiên làm việc đó, phần lớn các dòng nhật ký vẫn là các thao tác hệ thống bình thường, và chỉ",,,PASS,Native citation field without named entity anchor,MANUAL_REVIEW_REQUIRED
OCC-0121,202,,,[14],14,DARPA2018TCE3,"như gán nhãn một phiên làm việc kéo dài nhiều giờ hoặc toàn bộ một máy chủ bị xâm nhập trong một khoảng thời gian  [5],  [14],  [16]. Bên trong phiên làm việc đó, phần lớn các dòng nhật ký vẫn là các thao tác hệ thống bình thường, và chỉ có một",,,PASS,Native citation field without named entity anchor,MANUAL_REVIEW_REQUIRED
OCC-0122,202,,,[16],16,Kent2015LANL,"nhãn một phiên làm việc kéo dài nhiều giờ hoặc toàn bộ một máy chủ bị xâm nhập trong một khoảng thời gian  [5],  [14],  [16]. Bên trong phiên làm việc đó, phần lớn các dòng nhật ký vẫn là các thao tác hệ thống bình thường, và chỉ có một số lượn",,,PASS,Native citation field without named entity anchor,MANUAL_REVIEW_REQUIRED
OCC-0123,203,,,[3],3,Inam2023ProvenanceSoK,"Thách thức này càng trở nên phức tạp do sự xuất hiện liên tục của hành vi quản trị viên hệ thống  [3],  [5]. Các kỹ sư quản trị thường xuyên thực thi các lệnh bảo trì, chẩn đoán mạng hoặc sao lưu dữ liệu bằng các công cụ",,,PASS,Native citation field without named entity anchor,MANUAL_REVIEW_REQUIRED
OCC-0124,203,,,[5],5,Liu2025DatasetQualityLogs,"Thách thức này càng trở nên phức tạp do sự xuất hiện liên tục của hành vi quản trị viên hệ thống  [3],  [5]. Các kỹ sư quản trị thường xuyên thực thi các lệnh bảo trì, chẩn đoán mạng hoặc sao lưu dữ liệu bằng các công cụ dòng l",,,PASS,Native citation field without named entity anchor,MANUAL_REVIEW_REQUIRED
OCC-0125,207,,,[3],3,Inam2023ProvenanceSoK,"át giữa các chuỗi hành vi của cùng một thực thể như người dùng, máy chủ và tiến trình qua nhiều mốc thời gian khác nhau  [3],  [7].",,,PASS,Native citation field without named entity anchor,MANUAL_REVIEW_REQUIRED
OCC-0126,207,,,[7],7,Zipperle2022PIDSSurvey,"a các chuỗi hành vi của cùng một thực thể như người dùng, máy chủ và tiến trình qua nhiều mốc thời gian khác nhau  [3],  [7].",,,PASS,Native citation field without named entity anchor,MANUAL_REVIEW_REQUIRED
OCC-0127,208,,,[18],18,Shokri2017MembershipInference,"ong không gian vector biểu diễn trực tiếp làm nảy sinh các nguy cơ nghiêm trọng về quyền riêng tư và an toàn thông tin  [18],  [20],  [19]. Các vector biểu diễn đặc trưng tiềm ẩn có nguy cơ bị kẻ tấn công khai thác thông qua các kỹ thuật tấn cô",,,PASS,Native citation field without named entity anchor,MANUAL_REVIEW_REQUIRED
OCC-0128,208,,,[20],20,NIST2025SP800226,"ng gian vector biểu diễn trực tiếp làm nảy sinh các nguy cơ nghiêm trọng về quyền riêng tư và an toàn thông tin  [18],  [20],  [19]. Các vector biểu diễn đặc trưng tiềm ẩn có nguy cơ bị kẻ tấn công khai thác thông qua các kỹ thuật tấn công suy",,,PASS,Native citation field without named entity anchor,MANUAL_REVIEW_REQUIRED
OCC-0129,208,,,[19],19,Fredrikson2015ModelInversion,"vector biểu diễn trực tiếp làm nảy sinh các nguy cơ nghiêm trọng về quyền riêng tư và an toàn thông tin  [18],  [20],  [19]. Các vector biểu diễn đặc trưng tiềm ẩn có nguy cơ bị kẻ tấn công khai thác thông qua các kỹ thuật tấn công suy luận th",,,PASS,Native citation field without named entity anchor,MANUAL_REVIEW_REQUIRED
OCC-0130,208,,,[18],18,Shokri2017MembershipInference,"uy cơ bị kẻ tấn công khai thác thông qua các kỹ thuật tấn công suy luận thành viên (Membership Inference Attacks - MIA  [18]) để xác định xem dữ liệu của một thực thể có nằm trong tập huấn luyện hay không. Về mặt lý thuyết nguồn gốc, nghiên cứu",Membership Inference Attacks; MIA,Shokri2017MembershipInference,PASS,Context entity matches expected source Shokri2017MembershipInference,MANUAL_REVIEW_REQUIRED
OCC-0131,208,,,[19],19,Fredrikson2015ModelInversion,"thực thể có nằm trong tập huấn luyện hay không. Về mặt lý thuyết nguồn gốc, nghiên cứu kinh điển của Fredrikson et al.  [19] đã chứng minh tấn công nghịch đảo mô hình có thể khai thác thông tin đầu ra và độ tin cậy để suy diễn lại các đặc trưng",Fredrikson et al.; Fredrikson et al,Fredrikson2015ModelInversion,PASS,Context entity matches expected source Fredrikson2015ModelInversion,MANUAL_REVIEW_REQUIRED
OCC-0132,208,,,[18],18,Shokri2017MembershipInference,"ng tư không tự động đồng nghĩa với việc đã đạt được khả năng bảo vệ quyền riêng tư; các quy trình kiểm thử tấn công MIA  [18] và đảo ngược mô hình  [19], cũng như quy trình đánh giá quyền riêng tư vi sai theo hướng dẫn NIST SP 800-226  [20], đượ",MIA,Shokri2017MembershipInference,PASS,Context entity matches expected source Shokri2017MembershipInference,MANUAL_REVIEW_REQUIRED
OCC-0133,208,,,[19],19,Fredrikson2015ModelInversion,"hĩa với việc đã đạt được khả năng bảo vệ quyền riêng tư; các quy trình kiểm thử tấn công MIA  [18] và đảo ngược mô hình  [19], cũng như quy trình đánh giá quyền riêng tư vi sai theo hướng dẫn NIST SP 800-226  [20], được định vị là phép kiểm tra",,,PASS,Native citation field without named entity anchor,MANUAL_REVIEW_REQUIRED
OCC-0134,208,,,[20],20,NIST2025SP800226,"MIA  [18] và đảo ngược mô hình  [19], cũng như quy trình đánh giá quyền riêng tư vi sai theo hướng dẫn NIST SP 800-226  [20], được định vị là phép kiểm tra hạ nguồn và chưa được thực thi trong phạm vi thực nghiệm hiện tại.",NIST SP 800-226,NIST2025SP800226,PASS,Context entity matches expected source NIST2025SP800226,MANUAL_REVIEW_REQUIRED
OCC-0135,215,,,[3],3,Inam2023ProvenanceSoK,"ập hợp các tham số động có cấu trúc  gồm đường dẫn tệp tin, tham số dòng lệnh thực thi, cổng mạng và địa chỉ IP kết nối  [3].",,,PASS,Native citation field without named entity anchor,MANUAL_REVIEW_REQUIRED
OCC-0136,221,,,[6],6,MITRE2026ATTCK,"đóng băng tham số (Frozen Linear Probe: ) phục vụ phân loại và quy kết chiến thuật/kỹ thuật theo phân loại MITRE ATT&CK  [6], hoặc quy trình chấm điểm bất thường không giám sát tùy chọn (Optional Downstream Zero-Shot Anomaly Scoring Protocol).",MITRE ATT&CK,MITRE2026ATTCK,PASS,Context entity matches expected source MITRE2026ATTCK,MANUAL_REVIEW_REQUIRED
OCC-0137,235,,,[20],20,NIST2025SP800226,"ợng và chặn trên tổn thất lý thuyết dưới các giả định toán học xác định theo các hướng dẫn đánh giá của NIST SP 800-226  [20], còn rủi ro thực tế được định vị là phép kiểm tra hạ nguồn cần đánh giá thực nghiệm độc lập thông qua các quy trình kiể",NIST SP 800-226,NIST2025SP800226,PASS,Context entity matches expected source NIST2025SP800226,MANUAL_REVIEW_REQUIRED
OCC-0138,235,,,[18],18,Shokri2017MembershipInference,kiểm tra hạ nguồn cần đánh giá thực nghiệm độc lập thông qua các quy trình kiểm thử tấn công suy luận thành viên (MIA)  [18] và tấn công nghịch đảo/tái định danh thực thể  [19].,MIA,Shokri2017MembershipInference,PASS,Context entity matches expected source Shokri2017MembershipInference,MANUAL_REVIEW_REQUIRED
OCC-0139,235,,,[19],19,Fredrikson2015ModelInversion,thông qua các quy trình kiểm thử tấn công suy luận thành viên (MIA)  [18] và tấn công nghịch đảo/tái định danh thực thể  [19].,,,PASS,Native citation field without named entity anchor,MANUAL_REVIEW_REQUIRED
OCC-0140,240,,,[3],3,Inam2023ProvenanceSoK,"ử lý hiện tượng sự kiện đến muộn hoặc xáo trộn thứ tự (Out-of-Order Events) phát sinh từ độ trễ mạng thu thập telemetry  [3],  [30], chuyên đề đề xuất nguyên tắc xử lý theo thời gian sự kiện kết hợp cơ chế mốc ngắt thời gian (Event-Time Waterma",,,PASS,Native citation field without named entity anchor,MANUAL_REVIEW_REQUIRED
OCC-0141,240,,,[30],30,Li2024NODLINK,"iện tượng sự kiện đến muộn hoặc xáo trộn thứ tự (Out-of-Order Events) phát sinh từ độ trễ mạng thu thập telemetry  [3],  [30], chuyên đề đề xuất nguyên tắc xử lý theo thời gian sự kiện kết hợp cơ chế mốc ngắt thời gian (Event-Time Watermark):",,,PASS,Native citation field without named entity anchor,MANUAL_REVIEW_REQUIRED
OCC-0142,285,,,[18],18,Shokri2017MembershipInference,"hể có nằm trong tập huấn luyện của mô hình hay không, thông qua quan sát hành vi đầu ra hoặc các đặc trưng của vector  ([18]).",,,PASS,Native citation field without named entity anchor,MANUAL_REVIEW_REQUIRED
OCC-0143,286,,,[19],19,Fredrikson2015ModelInversion,"Tấn công nghịch đảo biểu diễn Representation/Model Inversion Attack: Về mặt nguyên lý, Fredrikson et al. [19] chứng minh tấn công nghịch đảo có thể khai thác thông tin đầu ra/độ tin cậy để tái cấu trúc thuộc tính dữ liệu; trong m",Fredrikson et al.; Fredrikson et al,Fredrikson2015ModelInversion,PASS,Context entity matches expected source Fredrikson2015ModelInversion,MANUAL_REVIEW_REQUIRED
OCC-0144,295,,,[18],18,Shokri2017MembershipInference,"yêu cầu kiểm thử thực nghiệm tường minh ở các mô hình hạ nguồn thông qua giao thức CTRL-PRIV-001, bao gồm đánh giá MIA  [18], tấn công nghịch đảo theo nguyên lý Fredrikson et al. [19] áp dụng cho các thuộc tính nhạy cảm của log, cùng tấn công t",MIA,Shokri2017MembershipInference,PASS,Context entity matches expected source Shokri2017MembershipInference,MANUAL_REVIEW_REQUIRED
OCC-0145,295,,,[19],19,Fredrikson2015ModelInversion,"guồn thông qua giao thức CTRL-PRIV-001, bao gồm đánh giá MIA  [18], tấn công nghịch đảo theo nguyên lý Fredrikson et al. [19] áp dụng cho các thuộc tính nhạy cảm của log, cùng tấn công tái định danh; chưa được thực thi trong phạm vi thực nghiệm",Fredrikson et al.; Fredrikson et al,Fredrikson2015ModelInversion,PASS,Context entity matches expected source Fredrikson2015ModelInversion,MANUAL_REVIEW_REQUIRED
OCC-0146,313,,,[28],28,Vaswani2017Transformer,"n chuỗi các sự kiện kiểu hóa trong cửa sổ ngắn hạn  gồm  sự kiện liên tiếp, kế thừa kiến trúc Self-Attention tiêu chuẩn  [28]. Nhiệm vụ của bộ trích xuất là mô hình hóa các phụ thuộc ngữ cảnh cục bộ, thứ tự gọi hàm hệ thống và tương tác tham số",,,PASS,Native citation field without named entity anchor,MANUAL_REVIEW_REQUIRED
OCC-0147,317,,,[39],39,Xu2020TGAT,"hời gian liên tục điều hòa (Harmonic Time Encoding) dạng , kế thừa nguyên lý mã hóa thời gian liên tục trên đồ thị động  [39], mã hóa trực tiếp khoảng trễ liên tục  giữa các hành vi liên tiếp nhằm tránh việc rời rạc hóa thô thành các time-bin cố",,,PASS,Native citation field without named entity anchor,MANUAL_REVIEW_REQUIRED
OCC-0148,320,,,[24],24,Guo2021LogBERT,"Tác vụ dự đoán sự kiện bị che (Masked Event Prediction, ): Thích ứng từ phương pháp LogBERT  [24], che ngẫu nhiên tập chỉ số sự kiện  theo tỷ lệ che  (trong đó đề tài lựa chọn giá trị 15% làm điểm khởi tạo tham chiếu",LogBERT,Guo2021LogBERT,PASS,Context entity matches expected source Guo2021LogBERT,MANUAL_REVIEW_REQUIRED
OCC-0149,350,,,[36],36,Oono2020OverSmoothing,"nguồn gốc có đường kính lớn, hai rủi ro kiến trúc phổ biến là hiện tượng làm mịn quá mức (Over-smoothing, Oono & Suzuki  [36]) khiến biểu diễn các đỉnh hội tụ về các vector khó phân biệt, và hiện tượng nghẽn cổ chai thông tin (Over-squashing, Al",Over-smoothing; Oono & Suzuki,Oono2020OverSmoothing,PASS,Context entity matches expected source Oono2020OverSmoothing,MANUAL_REVIEW_REQUIRED
OCC-0150,350,,,[37],37,Alon2021OverSquashing,"u diễn các đỉnh hội tụ về các vector khó phân biệt, và hiện tượng nghẽn cổ chai thông tin (Over-squashing, Alon & Yahav  [37]) khi lượng thông tin từ vùng lân cận mở rộng nhanh chóng phải truyền qua một số ít cạnh trung gian để nén vào một vecto",Over-squashing; Alon & Yahav,Alon2021OverSquashing,PASS,Context entity matches expected source Alon2021OverSquashing,MANUAL_REVIEW_REQUIRED
OCC-0151,359,,,[40],40,Rossi2020TGN,"rúc đồ thị động được đưa vào Bộ trích xuất Temporal GNN. Kế thừa khung xử lý bộ nhớ và truyền thông điệp thời gian động  [40] cùng các nguyên lý thiết kế từ các hệ thống đồ thị nguồn gốc tiêu biểu  [29],  [30],  [31],  [32], chuyên đề hình thức",,,PASS,Native citation field without named entity anchor,MANUAL_REVIEW_REQUIRED
OCC-0152,359,,,[29],29,Cheng2024KAIROS,"bộ nhớ và truyền thông điệp thời gian động  [40] cùng các nguyên lý thiết kế từ các hệ thống đồ thị nguồn gốc tiêu biểu  [29],  [30],  [31],  [32], chuyên đề hình thức hóa cơ chế truyền thông điệp thời gian có kiểu hóa (Typed Temporal Message Pa",,,PASS,Native citation field without named entity anchor,MANUAL_REVIEW_REQUIRED
OCC-0153,359,,,[30],30,Li2024NODLINK,"và truyền thông điệp thời gian động  [40] cùng các nguyên lý thiết kế từ các hệ thống đồ thị nguồn gốc tiêu biểu  [29],  [30],  [31],  [32], chuyên đề hình thức hóa cơ chế truyền thông điệp thời gian có kiểu hóa (Typed Temporal Message Passing)",,,PASS,Native citation field without named entity anchor,MANUAL_REVIEW_REQUIRED
OCC-0154,359,,,[31],31,Jia2024MAGIC,"ền thông điệp thời gian động  [40] cùng các nguyên lý thiết kế từ các hệ thống đồ thị nguồn gốc tiêu biểu  [29],  [30],  [31],  [32], chuyên đề hình thức hóa cơ chế truyền thông điệp thời gian có kiểu hóa (Typed Temporal Message Passing) phù hợp",,,PASS,Native citation field without named entity anchor,MANUAL_REVIEW_REQUIRED
OCC-0155,359,,,[32],32,Jiang2025ORTHRUS,"g điệp thời gian động  [40] cùng các nguyên lý thiết kế từ các hệ thống đồ thị nguồn gốc tiêu biểu  [29],  [30],  [31],  [32], chuyên đề hình thức hóa cơ chế truyền thông điệp thời gian có kiểu hóa (Typed Temporal Message Passing) phù hợp với dữ",,,PASS,Native citation field without named entity anchor,MANUAL_REVIEW_REQUIRED
OCC-0156,368,,,[31],31,Jia2024MAGIC,"g hay thông tin tương lai, chuyên đề thiết lập hàm mục tiêu tự giám sát đồ thị động . Kế thừa cảm hứng từ mô hình MAGIC  [31] về học biểu diễn qua cơ chế che giấu (Masked Graph Representation Learning) và mở rộng cho đồ thị nguồn gốc động theo t",MAGIC,Jia2024MAGIC,PASS,Context entity matches expected source Jia2024MAGIC,MANUAL_REVIEW_REQUIRED
OCC-0157,378,,,[36],36,Oono2020OverSmoothing,"nguồn gốc có đường kính lớn, hai rủi ro kiến trúc phổ biến là hiện tượng làm mịn quá mức (Over-smoothing, Oono & Suzuki  [36]) khiến biểu diễn các đỉnh hội tụ về các vector khó phân biệt, và hiện tượng nghẽn cổ chai thông tin (Over-squashing, Al",Over-smoothing; Oono & Suzuki,Oono2020OverSmoothing,PASS,Context entity matches expected source Oono2020OverSmoothing,MANUAL_REVIEW_REQUIRED
OCC-0158,378,,,[37],37,Alon2021OverSquashing,"u diễn các đỉnh hội tụ về các vector khó phân biệt, và hiện tượng nghẽn cổ chai thông tin (Over-squashing, Alon & Yahav  [37]) khi thông tin từ vùng lân cận mở rộng theo hàm mũ bị ép vào một vector kích thước cố định. Chuyên đề đề xuất hai cơ ch",Over-squashing; Alon & Yahav,Alon2021OverSquashing,PASS,Context entity matches expected source Alon2021OverSquashing,MANUAL_REVIEW_REQUIRED
OCC-0159,400,,,[21],21,Chen2020SimCLR,"ai vector biểu diễn gốc  và  phải hội tụ về cùng một điểm, chuyên đề áp dụng nguyên lý phân tách không gian theo SimCLR  [21] và VICReg  [12]. Chúng ta đưa mỗi vector biểu diễn qua một đầu chiếu phi tuyến riêng biệt (Non-linear Projection Heads)",SimCLR,Chen2020SimCLR,PASS,Context entity matches expected source Chen2020SimCLR,MANUAL_REVIEW_REQUIRED
OCC-0160,400,,,[12],12,Bardes2022VICReg,"iễn gốc  và  phải hội tụ về cùng một điểm, chuyên đề áp dụng nguyên lý phân tách không gian theo SimCLR  [21] và VICReg  [12]. Chúng ta đưa mỗi vector biểu diễn qua một đầu chiếu phi tuyến riêng biệt (Non-linear Projection Heads):",VICReg,Bardes2022VICReg,PASS,Context entity matches expected source Bardes2022VICReg,MANUAL_REVIEW_REQUIRED
OCC-0161,405,,,[41],41,Oord2018CPC,"Trong học biểu diễn tự giám sát, các hướng tiếp cận tiêu biểu bao gồm: InfoNCE/CPC  [41], SimCLR  [21], Barlow Twins  [13], và VICReg  [12]. Bảng 2.3 phân tích đối sánh chi tiết các đặc tính lý thuyết từ các",InfoNCE; CPC,Oord2018CPC,PASS,Context entity matches expected source Oord2018CPC,MANUAL_REVIEW_REQUIRED
OCC-0162,405,,,[21],21,Chen2020SimCLR,"Trong học biểu diễn tự giám sát, các hướng tiếp cận tiêu biểu bao gồm: InfoNCE/CPC  [41], SimCLR  [21], Barlow Twins  [13], và VICReg  [12]. Bảng 2.3 phân tích đối sánh chi tiết các đặc tính lý thuyết từ các công bố gốc và",SimCLR,Chen2020SimCLR,PASS,Context entity matches expected source Chen2020SimCLR,MANUAL_REVIEW_REQUIRED
OCC-0163,405,,,[13],13,Zbontar2021BarlowTwins,"Trong học biểu diễn tự giám sát, các hướng tiếp cận tiêu biểu bao gồm: InfoNCE/CPC  [41], SimCLR  [21], Barlow Twins  [13], và VICReg  [12]. Bảng 2.3 phân tích đối sánh chi tiết các đặc tính lý thuyết từ các công bố gốc và các giả thuyết nghi",Barlow Twins,Zbontar2021BarlowTwins,PASS,Context entity matches expected source Zbontar2021BarlowTwins,MANUAL_REVIEW_REQUIRED
OCC-0164,405,,,[12],12,Bardes2022VICReg,"diễn tự giám sát, các hướng tiếp cận tiêu biểu bao gồm: InfoNCE/CPC  [41], SimCLR  [21], Barlow Twins  [13], và VICReg  [12]. Bảng 2.3 phân tích đối sánh chi tiết các đặc tính lý thuyết từ các công bố gốc và các giả thuyết nghiên cứu của chuyên",VICReg,Bardes2022VICReg,PASS,Context entity matches expected source Bardes2022VICReg,MANUAL_REVIEW_REQUIRED
OCC-0165,407,,,[12],12,Bardes2022VICReg,"Từ phân tích phương pháp luận trên, chuyên đề lựa chọn VICReg (Variance-Invariance-Covariance Regularization)  [12] làm ứng viên gióng hàng cốt lõi. Theo Bardes et al.  [12], VICReg thiết lập cơ chế tự giám sát không tương phản dựa trê",VICReg,Bardes2022VICReg,PASS,Context entity matches expected source Bardes2022VICReg,MANUAL_REVIEW_REQUIRED
OCC-0166,407,,,[12],12,Bardes2022VICReg,"a chọn VICReg (Variance-Invariance-Covariance Regularization)  [12] làm ứng viên gióng hàng cốt lõi. Theo Bardes et al.  [12], VICReg thiết lập cơ chế tự giám sát không tương phản dựa trên điều hòa phương sai và hiệp phương sai để ngăn ngừa sụp",Bardes et al.; Bardes et al,Bardes2022VICReg,PASS,Context entity matches expected source Bardes2022VICReg,MANUAL_REVIEW_REQUIRED
OCC-0167,407,,,[41],41,Oord2018CPC,"uất làm cơ sở kiến trúc cho khung gióng hàng đa góc nhìn, trong khi việc đối sánh triệt tiêu định lượng với InfoNCE/CPC  [41], SimCLR  [21] và Barlow Twins  [13] được định vị cho các chiến dịch thực nghiệm hạ nguồn tiếp theo.",InfoNCE; CPC,Oord2018CPC,PASS,Context entity matches expected source Oord2018CPC,MANUAL_REVIEW_REQUIRED
OCC-0168,407,,,[21],21,Chen2020SimCLR,"kiến trúc cho khung gióng hàng đa góc nhìn, trong khi việc đối sánh triệt tiêu định lượng với InfoNCE/CPC  [41], SimCLR  [21] và Barlow Twins  [13] được định vị cho các chiến dịch thực nghiệm hạ nguồn tiếp theo.",SimCLR,Chen2020SimCLR,PASS,Context entity matches expected source Chen2020SimCLR,MANUAL_REVIEW_REQUIRED
OCC-0169,407,,,[13],13,Zbontar2021BarlowTwins,"óng hàng đa góc nhìn, trong khi việc đối sánh triệt tiêu định lượng với InfoNCE/CPC  [41], SimCLR  [21] và Barlow Twins  [13] được định vị cho các chiến dịch thực nghiệm hạ nguồn tiếp theo.",Barlow Twins,Zbontar2021BarlowTwins,PASS,Context entity matches expected source Zbontar2021BarlowTwins,MANUAL_REVIEW_REQUIRED
OCC-0170,422,,,[42],42,Zhang2019CPMNets,"tượng khuyết góc nhìn (Missing-View, Incomplete Telemetry). Chuyên đề xử lý vấn đề này theo khung tiếp cận của CPM-Nets  [42] kết hợp cơ chế mặt nạ khả dụng và suy thoái duyên dáng do chuyên đề đề xuất:",CPM-Nets,Zhang2019CPMNets,PASS,Context entity matches expected source Zhang2019CPMNets,MANUAL_REVIEW_REQUIRED
OCC-0171,463,,,[43],43,Yu2020PCGrad,"c thực nghiệm hạ nguồn mở rộng). Khi tối ưu hóa liên hợp, chuyên đề đề xuất áp dụng kỹ thuật phẫu thuật gradient PCGrad  [43] trên tập tham số nhận đồng thời hai luồng gradient:",PCGrad,Yu2020PCGrad,PASS,Context entity matches expected source Yu2020PCGrad,MANUAL_REVIEW_REQUIRED
OCC-0172,470,,,[44],44,Ilse2018AttentionMIL,"Chuyên đề đề xuất áp dụng cơ chế Attention-based Deep MIL của Ilse et al.  [44] (như một thiết kế mở rộng tùy chọn, chưa hiện thực và chưa kiểm chứng trong chiến dịch Stage A2 hiện tại), kết hợp thiế",Ilse et al.; Ilse et al,Ilse2018AttentionMIL,PASS,Context entity matches expected source Ilse2018AttentionMIL,MANUAL_REVIEW_REQUIRED
OCC-0173,517,,,[10],10,Arp2022DosDonts,"trước (leakage-safe chronological split), tuân thủ khuyến nghị tránh rò rỉ thời gian (temporal snooping) của Arp et al.  [10]. Khung đối chuẩn nghiên cứu bao quát 4 tập dữ liệu đại diện cho các miền viễn trắc an ninh khác nhau (DARPA TC E3  [14]",Arp et al.; Arp et al,Arp2022DosDonts,PASS,Context entity matches expected source Arp2022DosDonts,MANUAL_REVIEW_REQUIRED
OCC-0174,517,,,[14],14,DARPA2018TCE3,"[10]. Khung đối chuẩn nghiên cứu bao quát 4 tập dữ liệu đại diện cho các miền viễn trắc an ninh khác nhau (DARPA TC E3  [14], LANL  [16], HDFS (Xu et al.  [17]; LogHub  [9]) và BGL (LogHub  [9])); trong đó, tập dữ liệu HDFS đóng vai trò là môi",DARPA TC E3,DARPA2018TCE3,PASS,Context entity matches expected source DARPA2018TCE3,MANUAL_REVIEW_REQUIRED
OCC-0175,517,,,[16],16,Kent2015LANL,"đối chuẩn nghiên cứu bao quát 4 tập dữ liệu đại diện cho các miền viễn trắc an ninh khác nhau (DARPA TC E3  [14], LANL  [16], HDFS (Xu et al.  [17]; LogHub  [9]) và BGL (LogHub  [9])); trong đó, tập dữ liệu HDFS đóng vai trò là môi trường thực",LANL,Kent2015LANL,PASS,Context entity matches expected source Kent2015LANL,MANUAL_REVIEW_REQUIRED
OCC-0176,517,,,[17],17,Xu2009HDFS,"ao quát 4 tập dữ liệu đại diện cho các miền viễn trắc an ninh khác nhau (DARPA TC E3  [14], LANL  [16], HDFS (Xu et al.  [17]; LogHub  [9]) và BGL (LogHub  [9])); trong đó, tập dữ liệu HDFS đóng vai trò là môi trường thực thi chính thức cho chiế",HDFS,Xu2009HDFS,PASS,Context entity matches expected source Xu2009HDFS,MANUAL_REVIEW_REQUIRED
OCC-0177,517,,,[9],9,Zhu2023Loghub,"dữ liệu đại diện cho các miền viễn trắc an ninh khác nhau (DARPA TC E3  [14], LANL  [16], HDFS (Xu et al.  [17]; LogHub  [9]) và BGL (LogHub  [9])); trong đó, tập dữ liệu HDFS đóng vai trò là môi trường thực thi chính thức cho chiến dịch tiền h",LogHub,Zhu2023Loghub,PASS,Context entity matches expected source Zhu2023Loghub,MANUAL_REVIEW_REQUIRED
OCC-0178,517,,,[9],9,Zhu2023Loghub,"các miền viễn trắc an ninh khác nhau (DARPA TC E3  [14], LANL  [16], HDFS (Xu et al.  [17]; LogHub  [9]) và BGL (LogHub  [9])); trong đó, tập dữ liệu HDFS đóng vai trò là môi trường thực thi chính thức cho chiến dịch tiền huấn luyện Stage A2 hi",LogHub; BGL,Zhu2023Loghub,PASS,Context entity matches expected source Zhu2023Loghub,MANUAL_REVIEW_REQUIRED
OCC-0179,,10,"(1,1)",[41],41,Oord2018CPC,"Sử dụng phân bố mẫu âm (Negative pairs) để đẩy xa các phiên khác nhau  [41],  [21]",,,PASS,Native citation field without named entity anchor,MANUAL_REVIEW_REQUIRED
OCC-0180,,10,"(1,1)",[21],21,Chen2020SimCLR,"Sử dụng phân bố mẫu âm (Negative pairs) để đẩy xa các phiên khác nhau  [41],  [21]",,,PASS,Native citation field without named entity anchor,MANUAL_REVIEW_REQUIRED
OCC-0181,,10,"(1,2)",[13],13,Zbontar2021BarlowTwins,Ép ma trận tương quan chéo giữa hai view về ma trận đơn vị I  [13],,,PASS,Native citation field without named entity anchor,MANUAL_REVIEW_REQUIRED
OCC-0182,,10,"(1,3)",[12],12,Bardes2022VICReg,Phân tách độc lập: Duy trì phương sai từng chiều + Phạt hiệp phương sai  [12],,,PASS,Native citation field without named entity anchor,MANUAL_REVIEW_REQUIRED
OCC-0183,,21,"(1,0)",[23],23,Du2017DeepLog,"DeepLog (Du et al., CCS 2017)  [23]",Du et al.; Du et al; DeepLog,Du2017DeepLog,PASS,Context entity matches expected source Du2017DeepLog,MANUAL_REVIEW_REQUIRED
OCC-0184,,21,"(2,0)",[24],24,Guo2021LogBERT,"LogBERT (Guo et al., IJCNN 2021)  [24]",Guo et al.; Guo et al; LogBERT,Guo2021LogBERT,PASS,Context entity matches expected source Guo2021LogBERT,MANUAL_REVIEW_REQUIRED
OCC-0185,,21,"(3,0)",[11],11,Han2020UNICORN,"UNICORN (Han et al., NDSS 2020)  [11]",Han et al.; Han et al; UNICORN,Han2020UNICORN,PASS,Context entity matches expected source Han2020UNICORN,MANUAL_REVIEW_REQUIRED
OCC-0186,,21,"(4,0)",[29],29,Cheng2024KAIROS,"KAIROS (Cheng et al., IEEE S&P 2024)  [29]",Cheng et al.; Cheng et al; KAIROS,Cheng2024KAIROS,PASS,Context entity matches expected source Cheng2024KAIROS,MANUAL_REVIEW_REQUIRED
OCC-0187,,21,"(5,0)",[31],31,Jia2024MAGIC,"MAGIC (Jia et al., USENIX Security 2024)  [31]",Jia et al.; Jia et al; MAGIC,Jia2024MAGIC,PASS,Context entity matches expected source Jia2024MAGIC,MANUAL_REVIEW_REQUIRED
