run_id,architecture,seed,best_epoch,best_val_loss,checkpoint_sha256,artifact_availability,result_protocol,validation_ap,validation_roc_auc,result_artifact,run_source_commit,evidence_commit,status
CONF_SEQUENCE_ONLY_seed42_1789413645,SEQUENCE_ONLY,42,3,1.1577,926b32512577ac66d8adc29bd145bf45868d176c440c733fb7e074c6470621cc,CHECKPOINT_LOCAL_ONLY;MANIFEST_IN_GIT;LOG_IN_GIT,TRAIN_FIT_FULL_FIXED_VALIDATION_EVALUATE,1.0,1.0,experiments/nineplus/evaluation_v3/CONF_SEQUENCE_ONLY_seed42_1789413645/V3-PROBE-RESULT.json,47e4ad6,878a3db,COMPLETED
CONF_SEQUENCE_ONLY_seed7_1789415728,SEQUENCE_ONLY,7,11,0.8912,c200a87393a8752894bc0349a89db3379b8aa94a8a181e52fe801fc7a2a5188a,CHECKPOINT_LOCAL_ONLY;MANIFEST_IN_GIT;LOG_IN_GIT,TRAIN_FIT_FULL_FIXED_VALIDATION_EVALUATE,1.0,1.0,experiments/nineplus/evaluation_v3/CONF_SEQUENCE_ONLY_seed7_1789415728/V3-PROBE-RESULT.json,47e4ad6,878a3db,COMPLETED
CONF_SEQUENCE_ONLY_seed999_1789420295,SEQUENCE_ONLY,999,12,0.9423,4864dcdfc6d9104b252252b312c9ad4047b2295436d3d84aca5f306928143a13,CHECKPOINT_LOCAL_ONLY;MANIFEST_IN_GIT;LOG_IN_GIT,TRAIN_FIT_FULL_FIXED_VALIDATION_EVALUATE,1.0,1.0,experiments/nineplus/evaluation_v3/CONF_SEQUENCE_ONLY_seed999_1789420295/V3-PROBE-RESULT.json,47e4ad6,878a3db,COMPLETED
CONF_MULTI_VIEW_ALIGNED_seed42_1789393292,MULTI_VIEW_ALIGNED,42,6,49.3361,98ec51d97fa40883a0ec56cd5a50b62eb44e118669c974184c82c80edb79eadf,CHECKPOINT_LOCAL_ONLY;MANIFEST_IN_GIT;LOG_IN_GIT,TRAIN_FIT_FULL_FIXED_VALIDATION_EVALUATE,0.7604,0.9946,experiments/nineplus/evaluation_v3/CONF_MULTI_VIEW_ALIGNED_seed42_1789393292/V3-PROBE-RESULT.json,7bdcade,878a3db,COMPLETED
CONF_MULTI_VIEW_ALIGNED_seed7_1789452137,MULTI_VIEW_ALIGNED,7,3,49.0099,c8fc8eb4ee3412ed9306be2d728f4be0e31eb2a0ed784c1d74d9539b457a640e,CHECKPOINT_LOCAL_ONLY;MANIFEST_LOCAL_ONLY;LOG_LOCAL_ONLY,TRAIN_FIT_FULL_FIXED_VALIDATION_EVALUATE,0.6309,0.8081,experiments/nineplus/evaluation_v3/CONF_MULTI_VIEW_ALIGNED_seed7_1789452137/V3-PROBE-RESULT.json,1dc6741,878a3db,RESULT_JSON_ONLY_IN_GIT
CONF_MULTI_VIEW_ALIGNED_seed999_1789541331,MULTI_VIEW_ALIGNED,999,4,48.7659,a9e5b74a8b556a3c5e88b8e743687c71f9b6e471bc6524a1d39360b66606095b,CHECKPOINT_LOCAL_ONLY;MANIFEST_LOCAL_ONLY;LOG_LOCAL_ONLY,TRAIN_FIT_FULL_FIXED_VALIDATION_EVALUATE,0.5911,0.7693,experiments/nineplus/evaluation_v3/CONF_MULTI_VIEW_ALIGNED_seed999_1789541331/V3-PROBE-RESULT.json,0cc1752,878a3db,RESULT_JSON_ONLY_IN_GIT
CONF_GRAPH_ONLY_seed42_1789448995,GRAPH_ONLY,42,1,6.0814,NONE_LOCAL,MANIFEST_IN_GIT;NO_LOCAL_CHECKPOINT,HISTORICAL_STAGE_A2_RUN_INTERNAL,PENDING_AUDIT,PENDING_AUDIT,NO_V3_RESULT_ARTIFACT,3e0bcef,878a3db,HISTORICAL_REF_PENDING_AUDIT
CONF_GRAPH_ONLY_seed7_1789449292,GRAPH_ONLY,7,12,5.8921,NONE_LOCAL,MANIFEST_IN_GIT;NO_LOCAL_CHECKPOINT,HISTORICAL_STAGE_A2_RUN_INTERNAL,PENDING_AUDIT,PENDING_AUDIT,NO_V3_RESULT_ARTIFACT,d6fb10b,878a3db,HISTORICAL_REF_PENDING_AUDIT
CONF_GRAPH_ONLY_seed999_1789449583,GRAPH_ONLY,999,12,5.7142,NONE_LOCAL,MANIFEST_IN_GIT;NO_LOCAL_CHECKPOINT,HISTORICAL_STAGE_A2_RUN_INTERNAL,PENDING_AUDIT,PENDING_AUDIT,NO_V3_RESULT_ARTIFACT,d6fb10b,878a3db,HISTORICAL_REF_PENDING_AUDIT
